"collectionID","collectionName","collectionImage","collectionPath","year","decimalLongitude","decimalLatitude","location","numberOfImages"
"10.5281/zenodo.22663464","The Eileen Graham Collection (Discovery Bay, Jamaica, 1966 to 1968).","../collections/DiscoveryBay-Jamaica-1966-1968-EileenGraham/media/IMG0681.webp","../collections/DiscoveryBay-Jamaica-1966-1968-EileenGraham",1966,-77.38917,18.46917,"Caribbean Sea | Jamaica | Middlesex County | Saint Ann | Discovery Bay | The Bull",1447
"10.5281/zenodo.22663464","The Eileen Graham Collection (Discovery Bay, Jamaica, 1966 to 1968).","../collections/DiscoveryBay-Jamaica-1966-1968-EileenGraham/media/IMG0706.webp","../collections/DiscoveryBay-Jamaica-1966-1968-EileenGraham",1966,-77.334,18.467,"Caribbean Sea | Jamaica | Middlesex County | Saint Ann | Runaway Bay | Eaton Hall",1447
"10.5281/zenodo.22663464","The Eileen Graham Collection (Discovery Bay, Jamaica, 1966 to 1968).","../collections/DiscoveryBay-Jamaica-1966-1968-EileenGraham/media/IMG0011.webp","../collections/DiscoveryBay-Jamaica-1966-1968-EileenGraham",1966,-77.41543,18.468618,"Caribbean Sea | Jamaica | Middlesex County | Saint Ann | Discovery Bay",1447
"10.5281/zenodo.22663464","The Eileen Graham Collection (Discovery Bay, Jamaica, 1966 to 1968).","../collections/DiscoveryBay-Jamaica-1966-1968-EileenGraham/media/IMG0011.webp","../collections/DiscoveryBay-Jamaica-1966-1968-EileenGraham",1966,-77.41543,18.468618,"Caribbean Sea | Jamaica | Middlesex County | Saint Ann | Discovery Bay | Onshore",1447
"10.5281/zenodo.22663464","The Eileen Graham Collection (Discovery Bay, Jamaica, 1966 to 1968).","../collections/DiscoveryBay-Jamaica-1966-1968-EileenGraham/media/IMG1017.webp","../collections/DiscoveryBay-Jamaica-1966-1968-EileenGraham",1966,-77.414,18.473,"Caribbean Sea | Jamaica | Middlesex County | Saint Ann | Discovery Bay | Algal Plots",1447
"10.5281/zenodo.22663464","The Eileen Graham Collection (Discovery Bay, Jamaica, 1966 to 1968).","../collections/DiscoveryBay-Jamaica-1966-1968-EileenGraham/media/IMG1137.webp","../collections/DiscoveryBay-Jamaica-1966-1968-EileenGraham",1966,-77.40908,18.47322,"Caribbean Sea | Jamaica | Middlesex County | Saint Ann | Discovery Bay | Buoy Upper Slope",1447
"10.5281/zenodo.22663464","The Eileen Graham Collection (Discovery Bay, Jamaica, 1966 to 1968).","../collections/DiscoveryBay-Jamaica-1966-1968-EileenGraham/media/IMG0366.webp","../collections/DiscoveryBay-Jamaica-1966-1968-EileenGraham",1966,-77.41017,18.47367,"Caribbean Sea | Jamaica | Middlesex County | Saint Ann | Discovery Bay | Buoy West Sand Slope",1447
"10.5281/zenodo.22663464","The Eileen Graham Collection (Discovery Bay, Jamaica, 1966 to 1968).","../collections/DiscoveryBay-Jamaica-1966-1968-EileenGraham/media/IMG0035.webp","../collections/DiscoveryBay-Jamaica-1966-1968-EileenGraham",1966,-77.4093,18.4723,"Caribbean Sea | Jamaica | Middlesex County | Saint Ann | Discovery Bay | Buoy Sector Escarpment",1447
"10.5281/zenodo.22663464","The Eileen Graham Collection (Discovery Bay, Jamaica, 1966 to 1968).","../collections/DiscoveryBay-Jamaica-1966-1968-EileenGraham/media/IMG1137.webp","../collections/DiscoveryBay-Jamaica-1966-1968-EileenGraham",1966,-77.40908,18.47322,"Caribbean Sea | Jamaica | Middlesex County | Saint Ann | Discovery Bay | Upper Buoy West Sand",1447
"10.5281/zenodo.22663464","The Eileen Graham Collection (Discovery Bay, Jamaica, 1966 to 1968).","../collections/DiscoveryBay-Jamaica-1966-1968-EileenGraham/media/IMG0891.webp","../collections/DiscoveryBay-Jamaica-1966-1968-EileenGraham",1966,-77.409,18.4726,"Caribbean Sea | Jamaica | Middlesex County | Saint Ann | Discovery Bay | Upper Buoy Escarpment",1447
"10.5281/zenodo.22663464","The Eileen Graham Collection (Discovery Bay, Jamaica, 1966 to 1968).","../collections/DiscoveryBay-Jamaica-1966-1968-EileenGraham/media/IMG1137.webp","../collections/DiscoveryBay-Jamaica-1966-1968-EileenGraham",1966,-77.40908,18.47322,"Caribbean Sea | Jamaica | Middlesex County | Saint Ann | Discovery Bay | Upper Buoy Terrace",1447
"10.5281/zenodo.22663464","The Eileen Graham Collection (Discovery Bay, Jamaica, 1966 to 1968).","../collections/DiscoveryBay-Jamaica-1966-1968-EileenGraham/media/IMG0681.webp","../collections/DiscoveryBay-Jamaica-1966-1968-EileenGraham",1966,-77.38917,18.46917,"Caribbean Sea | Jamaica | Middlesex County | Saint Ann | Discovery Bay | The Bull Tower",1447
"10.5281/zenodo.22663464","The Eileen Graham Collection (Discovery Bay, Jamaica, 1966 to 1968).","../collections/DiscoveryBay-Jamaica-1966-1968-EileenGraham/media/IMG1137.webp","../collections/DiscoveryBay-Jamaica-1966-1968-EileenGraham",1968,-77.40908,18.47322,"Caribbean Sea | Jamaica | Middlesex County | Saint Ann | Discovery Bay | Buoy Upper Slope",1447
"10.5281/zenodo.22663464","The Eileen Graham Collection (Discovery Bay, Jamaica, 1966 to 1968).","../collections/DiscoveryBay-Jamaica-1966-1968-EileenGraham/media/IMG0233.webp","../collections/DiscoveryBay-Jamaica-1966-1968-EileenGraham",1968,-77.35867,18.4635,"Caribbean Sea | Jamaica | Middlesex County | Saint Ann | Discovery Bay | Pear Tree Bottom",1447
"10.5281/zenodo.22663464","The Eileen Graham Collection (Discovery Bay, Jamaica, 1966 to 1968).","../collections/DiscoveryBay-Jamaica-1966-1968-EileenGraham/media/IMG0115.webp","../collections/DiscoveryBay-Jamaica-1966-1968-EileenGraham",1968,-77.4599,18.4789,"Caribbean Sea | Jamaica | Cornwall County | Trelawny | Rio Bueno | Rio Bueno Cricket Pitch",1447
"10.5281/zenodo.22663464","The Eileen Graham Collection (Discovery Bay, Jamaica, 1966 to 1968).","../collections/DiscoveryBay-Jamaica-1966-1968-EileenGraham/media/IMG0124.webp","../collections/DiscoveryBay-Jamaica-1966-1968-EileenGraham",1968,-77.5037,18.4862,"Caribbean Sea | Jamaica | Cornwall County | Trelawny | Harmony Hall | East Mangrove Point",1447
"10.5281/zenodo.22663464","The Eileen Graham Collection (Discovery Bay, Jamaica, 1966 to 1968).","../collections/DiscoveryBay-Jamaica-1966-1968-EileenGraham/media/IMG1137.webp","../collections/DiscoveryBay-Jamaica-1966-1968-EileenGraham",1966,-77.40908,18.47322,"Caribbean Sea | Jamaica | Middlesex County | Saint Ann | Discovery Bay | Buoy Mooring (1960s)",1447
"10.5281/zenodo.22663464","The Eileen Graham Collection (Discovery Bay, Jamaica, 1966 to 1968).","../collections/DiscoveryBay-Jamaica-1966-1968-EileenGraham/media/IMG1017.webp","../collections/DiscoveryBay-Jamaica-1966-1968-EileenGraham",1967,-77.414,18.473,"Caribbean Sea | Jamaica | Middlesex County | Saint Ann | Discovery Bay | Pinnacle 2 Slope",1447
"10.5281/zenodo.22663464","The Eileen Graham Collection (Discovery Bay, Jamaica, 1966 to 1968).","../collections/DiscoveryBay-Jamaica-1966-1968-EileenGraham/media/IMG0184.webp","../collections/DiscoveryBay-Jamaica-1966-1968-EileenGraham",1967,-77.414,18.474,"Caribbean Sea | Jamaica | Middlesex County | Saint Ann | Discovery Bay | Pinnacle 2 Deep",1447
"10.5281/zenodo.22663464","The Eileen Graham Collection (Discovery Bay, Jamaica, 1966 to 1968).","../collections/DiscoveryBay-Jamaica-1966-1968-EileenGraham/media/IMG0706.webp","../collections/DiscoveryBay-Jamaica-1966-1968-EileenGraham",1968,-77.334,18.467,"Caribbean Sea | Jamaica | Middlesex County | Saint Ann | Runaway Bay | Eaton Hall",1447
"10.5281/zenodo.22663464","The Eileen Graham Collection (Discovery Bay, Jamaica, 1966 to 1968).","../collections/DiscoveryBay-Jamaica-1966-1968-EileenGraham/media/IMG0251.webp","../collections/DiscoveryBay-Jamaica-1966-1968-EileenGraham",1968,-77.41,18.4728,"Caribbean Sea | Jamaica | Middlesex County | Saint Ann | Discovery Bay | Lyntons Mine Escarpment",1447
"10.5281/zenodo.22663464","The Eileen Graham Collection (Discovery Bay, Jamaica, 1966 to 1968).","../collections/DiscoveryBay-Jamaica-1966-1968-EileenGraham/media/IMG0233.webp","../collections/DiscoveryBay-Jamaica-1966-1968-EileenGraham",1966,-77.35867,18.4635,"Caribbean Sea | Jamaica | Middlesex County | Saint Ann | Discovery Bay | Pear Tree Bottom",1447
"10.5281/zenodo.22663464","The Eileen Graham Collection (Discovery Bay, Jamaica, 1966 to 1968).","../collections/DiscoveryBay-Jamaica-1966-1968-EileenGraham/media/IMG0430.webp","../collections/DiscoveryBay-Jamaica-1966-1968-EileenGraham",1967,-76.886,18.399,"Caribbean Sea | Jamaica | Middlesex County | Saint Mary | Port Maria | Rendezvous de Terrier",1447
"10.5281/zenodo.22663464","The Eileen Graham Collection (Discovery Bay, Jamaica, 1966 to 1968).","../collections/DiscoveryBay-Jamaica-1966-1968-EileenGraham/media/IMG0366.webp","../collections/DiscoveryBay-Jamaica-1966-1968-EileenGraham",1967,-77.41017,18.47367,"Caribbean Sea | Jamaica | Middlesex County | Saint Ann | Discovery Bay | Pinnacle 1 Sand Slope",1447
"10.5281/zenodo.22663464","The Eileen Graham Collection (Discovery Bay, Jamaica, 1966 to 1968).","../collections/DiscoveryBay-Jamaica-1966-1968-EileenGraham/media/IMG0366.webp","../collections/DiscoveryBay-Jamaica-1966-1968-EileenGraham",1967,-77.41017,18.47367,"Caribbean Sea | Jamaica | Middlesex County | Saint Ann | Discovery Bay | Pinnacle 1 Slope",1447
"10.5281/zenodo.22663464","The Eileen Graham Collection (Discovery Bay, Jamaica, 1966 to 1968).","../collections/DiscoveryBay-Jamaica-1966-1968-EileenGraham/media/IMG0366.webp","../collections/DiscoveryBay-Jamaica-1966-1968-EileenGraham",1967,-77.41017,18.47367,"Caribbean Sea | Jamaica | Middlesex County | Saint Ann | Discovery Bay | Pinnacle 1 Deep",1447
"10.5281/zenodo.22663464","The Eileen Graham Collection (Discovery Bay, Jamaica, 1966 to 1968).","../collections/DiscoveryBay-Jamaica-1966-1968-EileenGraham/media/IMG1137.webp","../collections/DiscoveryBay-Jamaica-1966-1968-EileenGraham",1967,-77.40908,18.47322,"Caribbean Sea | Jamaica | Middlesex County | Saint Ann | Discovery Bay | Buoy Mooring (1960s)",1447
"10.5281/zenodo.22663464","The Eileen Graham Collection (Discovery Bay, Jamaica, 1966 to 1968).","../collections/DiscoveryBay-Jamaica-1966-1968-EileenGraham/media/IMG1137.webp","../collections/DiscoveryBay-Jamaica-1966-1968-EileenGraham",1967,-77.40908,18.47322,"Caribbean Sea | Jamaica | Middlesex County | Saint Ann | Discovery Bay | Buoy Upper Slope",1447
"10.5281/zenodo.22663464","The Eileen Graham Collection (Discovery Bay, Jamaica, 1966 to 1968).","../collections/DiscoveryBay-Jamaica-1966-1968-EileenGraham/media/IMG0011.webp","../collections/DiscoveryBay-Jamaica-1966-1968-EileenGraham",1967,-77.41543,18.468618,"Caribbean Sea | Jamaica | Middlesex County | Saint Ann | Discovery Bay | Onshore",1447
"10.5281/zenodo.22663464","The Eileen Graham Collection (Discovery Bay, Jamaica, 1966 to 1968).","../collections/DiscoveryBay-Jamaica-1966-1968-EileenGraham/media/IMG0732.webp","../collections/DiscoveryBay-Jamaica-1966-1968-EileenGraham",1966,-77.40268,18.46868,"Caribbean Sea | Jamaica | Middlesex County | Saint Ann | Discovery Bay | Discovery Bay Purden House",1447
"10.5281/zenodo.22663464","The Eileen Graham Collection (Discovery Bay, Jamaica, 1966 to 1968).","../collections/DiscoveryBay-Jamaica-1966-1968-EileenGraham/media/IMG0233.webp","../collections/DiscoveryBay-Jamaica-1966-1968-EileenGraham",1967,-77.35867,18.4635,"Caribbean Sea | Jamaica | Middlesex County | Saint Ann | Discovery Bay | Pear Tree Bottom",1447
"10.5281/zenodo.22663464","The Eileen Graham Collection (Discovery Bay, Jamaica, 1966 to 1968).","../collections/DiscoveryBay-Jamaica-1966-1968-EileenGraham/media/IMG1017.webp","../collections/DiscoveryBay-Jamaica-1966-1968-EileenGraham",1967,-77.414,18.473,"Caribbean Sea | Jamaica | Middlesex County | Saint Ann | Discovery Bay | Algal Plots",1447
"10.5281/zenodo.22663464","The Eileen Graham Collection (Discovery Bay, Jamaica, 1966 to 1968).","../collections/DiscoveryBay-Jamaica-1966-1968-EileenGraham/media/IMG0485.webp","../collections/DiscoveryBay-Jamaica-1966-1968-EileenGraham",1967,-77.39,18.47167,"Caribbean Sea | Jamaica | Middlesex County | Saint Ann | Discovery Bay | West Bull",1447
"10.5281/zenodo.22663464","The Eileen Graham Collection (Discovery Bay, Jamaica, 1966 to 1968).","../collections/DiscoveryBay-Jamaica-1966-1968-EileenGraham/media/IMG0366.webp","../collections/DiscoveryBay-Jamaica-1966-1968-EileenGraham",1967,-77.41017,18.47367,"Caribbean Sea | Jamaica | Middlesex County | Saint Ann | Discovery Bay | Buoy West Sand Slope",1447
"10.5281/zenodo.22663464","The Eileen Graham Collection (Discovery Bay, Jamaica, 1966 to 1968).","../collections/DiscoveryBay-Jamaica-1966-1968-EileenGraham/media/IMG0366.webp","../collections/DiscoveryBay-Jamaica-1966-1968-EileenGraham",1967,-77.41017,18.47367,"Caribbean Sea | Jamaica | Middlesex County | Saint Ann | Discovery Bay | Buoy West Sand Deep",1447
"10.5281/zenodo.22663464","The Eileen Graham Collection (Discovery Bay, Jamaica, 1966 to 1968).","../collections/DiscoveryBay-Jamaica-1966-1968-EileenGraham/media/IMG1137.webp","../collections/DiscoveryBay-Jamaica-1966-1968-EileenGraham",1968,-77.40908,18.47322,"Caribbean Sea | Jamaica | Middlesex County | Saint Ann | Discovery Bay | Upper Buoy Terrace",1447
"10.5281/zenodo.22663464","The Eileen Graham Collection (Discovery Bay, Jamaica, 1966 to 1968).","../collections/DiscoveryBay-Jamaica-1966-1968-EileenGraham/media/IMG1017.webp","../collections/DiscoveryBay-Jamaica-1966-1968-EileenGraham",1968,-77.414,18.473,"Caribbean Sea | Jamaica | Middlesex County | Saint Ann | Discovery Bay | Algal Plots",1447
"10.5281/zenodo.22663464","The Eileen Graham Collection (Discovery Bay, Jamaica, 1966 to 1968).","../collections/DiscoveryBay-Jamaica-1966-1968-EileenGraham/media/IMG0366.webp","../collections/DiscoveryBay-Jamaica-1966-1968-EileenGraham",1968,-77.41017,18.47367,"Caribbean Sea | Jamaica | Middlesex County | Saint Ann | Discovery Bay | Pinnacle 1 Sand Slope",1447
"10.5281/zenodo.22663464","The Eileen Graham Collection (Discovery Bay, Jamaica, 1966 to 1968).","../collections/DiscoveryBay-Jamaica-1966-1968-EileenGraham/media/IMG0706.webp","../collections/DiscoveryBay-Jamaica-1966-1968-EileenGraham",1967,-77.334,18.467,"Caribbean Sea | Jamaica | Middlesex County | Saint Ann | Runaway Bay | Eaton Hall",1447
"10.5281/zenodo.22663464","The Eileen Graham Collection (Discovery Bay, Jamaica, 1966 to 1968).","../collections/DiscoveryBay-Jamaica-1966-1968-EileenGraham/media/IMG1340.webp","../collections/DiscoveryBay-Jamaica-1966-1968-EileenGraham",1966,-77.40908,18.47325,"Caribbean Sea | Jamaica | Middlesex County | Saint Ann | Discovery Bay | Buoy Deep",1447
"10.5281/zenodo.22663464","The Eileen Graham Collection (Discovery Bay, Jamaica, 1966 to 1968).","../collections/DiscoveryBay-Jamaica-1966-1968-EileenGraham/media/IMG0115.webp","../collections/DiscoveryBay-Jamaica-1966-1968-EileenGraham",1966,-77.4599,18.4789,"Caribbean Sea | Jamaica | Cornwall County | Trelawny | Rio Bueno | Silver Seas",1447
"10.5281/zenodo.22663464","The Eileen Graham Collection (Discovery Bay, Jamaica, 1966 to 1968).","../collections/DiscoveryBay-Jamaica-1966-1968-EileenGraham/media/IMG0366.webp","../collections/DiscoveryBay-Jamaica-1966-1968-EileenGraham",1966,-77.41017,18.47367,"Caribbean Sea | Jamaica | Middlesex County | Saint Ann | Discovery Bay | Pinnacle 1 Slope",1447
"10.5281/zenodo.22663464","The Eileen Graham Collection (Discovery Bay, Jamaica, 1966 to 1968).","../collections/DiscoveryBay-Jamaica-1966-1968-EileenGraham/media/IMG0681.webp","../collections/DiscoveryBay-Jamaica-1966-1968-EileenGraham",1967,-77.38917,18.46917,"Caribbean Sea | Jamaica | Middlesex County | Saint Ann | Discovery Bay | The Bull",1447
"10.5281/zenodo.22663464","The Eileen Graham Collection (Discovery Bay, Jamaica, 1966 to 1968).","../collections/DiscoveryBay-Jamaica-1966-1968-EileenGraham/media/IMG1137.webp","../collections/DiscoveryBay-Jamaica-1966-1968-EileenGraham",1967,-77.40908,18.47322,"Caribbean Sea | Jamaica | Middlesex County | Saint Ann | Discovery Bay | Upper Buoy Terrace",1447
"10.5281/zenodo.22663464","The Eileen Graham Collection (Discovery Bay, Jamaica, 1966 to 1968).","../collections/DiscoveryBay-Jamaica-1966-1968-EileenGraham/media/IMG0485.webp","../collections/DiscoveryBay-Jamaica-1966-1968-EileenGraham",1967,-77.39,18.47167,"Caribbean Sea | Jamaica | Middlesex County | Saint Ann | Discovery Bay | Pinnacle 1 Sand Slope",1447
"10.5281/zenodo.22663464","The Eileen Graham Collection (Discovery Bay, Jamaica, 1966 to 1968).","../collections/DiscoveryBay-Jamaica-1966-1968-EileenGraham/media/IMG1340.webp","../collections/DiscoveryBay-Jamaica-1966-1968-EileenGraham",1967,-77.40908,18.47325,"Caribbean Sea | Jamaica | Middlesex County | Saint Ann | Discovery Bay | Buoy Deep",1447
"10.5281/zenodo.22663464","The Eileen Graham Collection (Discovery Bay, Jamaica, 1966 to 1968).","../collections/DiscoveryBay-Jamaica-1966-1968-EileenGraham/media/IMG0891.webp","../collections/DiscoveryBay-Jamaica-1966-1968-EileenGraham",1967,-77.409,18.4726,"Caribbean Sea | Jamaica | Middlesex County | Saint Ann | Discovery Bay | Upper Buoy Escarpment",1447
"10.5281/zenodo.22663464","The Eileen Graham Collection (Discovery Bay, Jamaica, 1966 to 1968).","../collections/DiscoveryBay-Jamaica-1966-1968-EileenGraham/media/IMG0115.webp","../collections/DiscoveryBay-Jamaica-1966-1968-EileenGraham",1967,-77.4599,18.4789,"Caribbean Sea | Jamaica | Cornwall County | Trelawny | Rio Bueno | Rio Bueno",1447
